SKU,USD,EUR,GBP,JPY
MPWM2,149,,,
MPW92,149,,,
MPWD2,149,,,
MPWE2,149,,,
MPWC2,149,,,
MPWJ2,149,,,
MPWG2,149,,,
MPX42,149,,,
MPWR2,149,,,
MPWV2,149,,,
MPWX2,149,,,
MPWT2,149,,,
MPX22,149,,,
MPX12,149,,,
MLHL2,149,,,
MNL12,149,,,
MNKY2,149,,,
ML9K2,49,,,
MM062,49,,,
MJ5E2,149,,,
MLJJ2,199,,,
MJ5F2,149,,,
MLJH2,199,,,
MJ5D2,249,,,
MJ5C2,249,,,
MJ5A2,249,,,
MQ2K2,49,,,
MQ2H2,49,,,
MQ2J2,49,,,
MQ2T2,49,,,
MQ2Q2,49,,,
MQ2R2,49,,,
MLD82,49,,,
MPUJ2,49,,,
MJ4F2,49,,,
MPUK2,49,,,
MLKX2,49,,,
MPUH2,49,,,
MNJ02,49,,,
MJ4E2,49,,,
MLDJ2,49,,,
MPUV2,49,,,
ML9J2,49,,,
MJ4N2,49,,,
MPUW2,49,,,
MLL02,49,,,
MPUU2,49,,,
MNJ92,49,,,
ML9H2,49,,,
MJ4M2,49,,,
MPVW2,49,,,
MM9L2,49,,,
MPW12,49,,,
MPVV2,49,,,
MM9T2,49,,,
MPVY2,49,,,
MPW02,49,,,
MPVX2,49,,,
MPW32,49,,,
MM9Y2,49,,,
MPW82,49,,,
MPW22,49,,,
MMA72,49,,,
MPW62,49,,,
MPW72,49,,,
MPW52,49,,,
MPWP2,149,,,
MPX62,149,,,
MQ2N2,49,,,
MQ2M2,49,,,
MQ2P2,49,,,
MQ2L2,49,,,
MQ2W2,49,,,
MQ2V2,49,,,
MQ2X2,49,,,
MQ2U2,49,,,
MPUN2,49,,,
MPUG2,49,,,
MPUQ2,49,,,
MPUX2,49,,,
MPUR2,49,,,
MPUY2,49,,,
MR392,149,,,
MR3A2,149,,,
MQV82,149,,,
MQV62,149,,,
MQWH2,49,,,
MQWQ2,49,,,
MQXD2,49,,,
MR252,49,,,
MR262,49,,,
MQXE2,49,,,
MR272,49,,,
MR282,49,,,
MQVX2,49,,,
MQW02,49,,,
MQVY2,49,,,
MQW72,49,,,
MQW92,49,,,
MQW82,49,,,
MQVD2,49,,,
MQVG2,49,,,
MQVF2,49,,,
MQVJ2,49,,,
MQVE2,49,,,
MQVH2,49,,,
MQVN2,49,,,
MQVR2,49,,,
MQVU2,49,,,
MQVP2,49,,,
MQVT2,49,,,
MQUU2,49,,,
MQUR2,49,,,
MQUT2,49,,,
MQUX2,49,,,
MRP22,149,,,
MRP32,149,,,
MRP42,149,,,
MRP52,149,,,
MRP62,149,,,
MRP72,149,,,
MLHM2,149,,,
MRHK2,49,,,
MRHJ2,49,,,
MRHL2,49,,,
MRHN2,49,,,
MRHM2,49,,,
MRHP2,49,,,
MRPE2,49,,,
MRPD2,49,,,
MRJ22,49,,,
MRPC2,49,,,
MRJ32,49,,,
MRPH2,49,,,
MRPG2,49,,,
MRJ42,49,,,
MRPF2,49,,,
MRJ52,49,,,
MRGT2,49,,,
MRGR2,49,,,
MRGQ2,49,,,
MRQX2,49,,,
MRGY2,49,,,
MRGX2,49,,,
MRGW2,49,,,
MRHU2,49,,,
MRHR2,49,,,
MRHT2,49,,,
MRHV2,49,,,
MRMG2,49,,,
MRJ02,49,,,
MRHX2,49,,,
MRHY2,49,,,
MRJ12,49,,,
MRHC2,49,,,
MRHA2,49,,,
MRH92,49,,,
MRH82,49,,,
MRHH2,49,,,
MRHG2,49,,,
MRHF2,49,,,
MRHD2,49,,,
MRH22,49,,,
MRH12,49,,,
MRH42,49,,,
MRH62,49,,,
MRH52,49,,,
MRH72,49,,,
MTHA2,149,,,
MTH92,149,,,
MTH82,149,,,
MTH72,149,,,
MTHD2,149,,,
MTHC2,149,,,
MJ5G2,349,,,
MJ5H2,449,,,
MJ5J2,349,,,
MJ5K2,449,,,
MTQV2,149,,,
MTQU2,149,,,
MTQT2,149,,,
MTQN2,149,,,
MTQM2,149,,,
MTQL2,149,,,
MTQK2,149,,,
MTQJ2,149,,,
MTQH2,149,,,
MTQR2,149,,,
MTQQ2,149,,,
MTQP2,149,,,
MTMP2,49,,,
MTMN2,49,,,
MTMU2,49,,,
MTMV2,49,,,
MTMQ2,49,,,
MTMT2,49,,,
MTMX2,49,,,
MTMW2,49,,,
MTP32,49,,,
MTP42,49,,,
MTMY2,49,,,
MTP22,49,,,
MTM42,49,,,
MTM62,49,,,
MTM52,49,,,
MTMK2,49,,,
MTMM2,49,,,
MTML2,49,,,
MU9M2,49,,,
MTP62,49,,,
MTPC2,49,,,
MTP92,49,,,
MTPH2,49,,,
MTPA2,49,,,
MTP72,49,,,
MTP82,49,,,
MTP52,49,,,
MU9N2,49,,,
MU9L2,49,,,
MTPL2,49,,,
MTPR2,49,,,
MTPP2,49,,,
MTPX2,49,,,
MTPQ2,49,,,
MTPM2,49,,,
MTPN2,49,,,
MTPK2,49,,,
MTLT2,49,,,
MTLX2,49,,,
MTLY2,49,,,
MU792,49,,,
MTLW2,49,,,
MTLU2,49,,,
MTLV2,49,,,
MTM02,49,,,
MTM82,49,,,
MTM72,49,,,
MTME2,49,,,
MTMF2,49,,,
MU7A2,49,,,
MTMC2,49,,,
MTM92,49,,,
MTMA2,49,,,
MTMG2,49,,,
MU962,49,,,
MU972,49,,,
MTPE2,49,,,
MTPF2,49,,,
MTPD2,49,,,
MTPU2,49,,,
MTPV2,49,,,
MTPT2,49,,,
MV2Y2,149,,,
MV2X2,149,,,
MV612,149,,,
MV602,149,,,
MV6P2,149,,,
MV6N2,149,,,
MV6M2,149,,,
MV6W2,149,,,
MV6V2,149,,,
MV6U2,149,,,
MV6T2,149,,,
MV6R2,149,,,
MV6Q2,149,,,
MV7Y2,49,,,
MV7W2,49,,,
MV7X2,49,,,
MV862,49,,,
MV822,49,,,
MV852,49,,,
MV7A2,49,,,
MV892,49,,,
MV882,49,,,
MV7F2,49,,,
MV872,49,,,
MV7L2,49,,,
MV8F2,49,,,
MV8D2,49,,,
MV7M2,49,,,
MV8C2,49,,,
MV682,49,,,
MV742,49,,,
MV762,49,,,
MV6C2,49,,,
MV772,49,,,
MV792,49,,,
MV6F2,49,,,
MV6G2,49,,,
MV6H2,49,,,
MV8G2,49,,,
MV6J2,49,,,
MV6K2,49,,,
MV6L2,49,,,
MV8H2,49,,,
MV9Q2,49,,,
MV9T2,49,,,
MXAC2,99,,,
MXAA2,99,,,
MXAE2,99,,,
MXAD2,99,,,
MXAG2,99,,,
MXAF2,99,,,
MUHJ2,349,,,
MUHK2,449,,,
MUHL2,349,,,
MUHM2,449,,,
MTU42,99,,,
MTU22,99,,,
MTU12,99,,,
MTU72,99,,,
MTU62,99,,,
MTU52,99,,,
MWRL2,149,,,
MWRK2,149,,,
MWRJ2,149,,,
MWRH2,149,,,
MWRG2,149,,,
MWRF2,149,,,
MWRE2,149,,,
MWRD2,149,,,
MWRC2,149,,,
MX8C2,49,,,
MWU72,49,,,
MWU82,49,,,
MX8D2,49,,,
MWU62,49,,,
MX8E2,49,,,
MWUC2,49,,,
MWUD2,49,,,
MX8F2,49,,,
MWUA2,49,,,
MX7Y2,49,,,
MWTX2,49,,,
MWTW2,49,,,
MWTV2,49,,,
MX802,49,,,
MX812,49,,,
MWU52,49,,,
MWU42,49,,,
MWU32,49,,,
MX822,49,,,
MX0L2,49,,,
MWUT2,49,,,
MWUU2,49,,,
MWUR2,49,,,
MX0M2,49,,,
MWUW2,49,,,
MWUX2,49,,,
MWUV2,49,,,
MX3M2,49,,,
MWTQ2,49,,,
MWTU2,49,,,
MWTT2,49,,,
MX3N2,49,,,
MWTR2,49,,,
MX3P2,49,,,
MWTY2,49,,,
MX832,49,,,
MWU22,49,,,
MWU12,49,,,
MX3Q2,49,,,
MWU02,49,,,
MWUM2,49,,,
MWUL2,49,,,
MWUK2,49,,,
MWUQ2,49,,,
MWUP2,49,,,
MWUN2,49,,,
MXHV2,49,,,
MXHW2,49,,,
MXPN2,99,,,
MXPM2,99,,,
MXPF2,149,,,
MXPE2,149,,,
MXPD2,149,,,
MXPC2,149,,,
MXPA2,149,,,
MXP92,149,,,
MXQW2,49,,,
MXQX2,49,,,
MXR02,49,,,
MXR12,49,,,
MXN22,49,,,
MXN12,49,,,
MXN62,49,,,
MXN52,49,,,
MXNT2,49,,,
MXNU2,49,,,
MXNV2,49,,,
MXNX2,49,,,
MXNY2,49,,,
MXP02,49,,,
MXMP2,49,,,
MXMN2,49,,,
MXMR2,49,,,
MXMQ2,49,,,
MXMM2,49,,,
MXMV2,49,,,
MXMU2,49,,,
MXMX2,49,,,
MXMW2,49,,,
MXMT2,49,,,
MYD52,49,,,
MYD62,49,,,
MY1X2,49,,,
MY1Y2,49,,,
MXP32,49,,,
MXWQ2,49,,,
MXP52,49,,,
MXP42,49,,,
MXP62,49,,,
MXWR2,49,,,
MXP82,49,,,
MXP72,49,,,
MY992,99,,,
MY982,99,,,
MY9C2,99,,,
MY9A2,99,,,
MY9E2,99,,,
MY9D2,99,,,
MY972,99,,,
MY962,99,,,
MY9L2,99,,,
MY9K2,99,,,
MY9N2,99,,,
MY9M2,99,,,
MY9Q2,99,,,
MY9P2,99,,,
MY9J2,99,,,
MY9H2,99,,,
MGXD3,99,,,
MGXC3,99,,,
MYAM2,99,,,
MYAN2,99,,,
MYAP2,99,,,
MYAQ2,99,,,
MY652,149,,,
MY642,149,,,
MY632,149,,,
MY622,149,,,
MY612,149,,,
MY602,149,,,
MY682,149,,,
MY672,149,,,
MY662,149,,,
MG3U3,49,,,
MG3V3,49,,,
MG3T3,49,,,
MG3X3,49,,,
MG403,49,,,
MG3W3,49,,,
MGQH3,49,,,
MGQG3,49,,,
MGQF3,49,,,
MGQL3,49,,,
MGQK3,49,,,
MGQJ3,49,,,
MYAR2,49,,,
MG423,49,,,
MYAU2,49,,,
MGQR3,49,,,
MYAT2,49,,,
MYAV2,49,,,
MG433,49,,,
MYAX2,49,,,
MGQQ3,49,,,
MYAW2,49,,,
MG443,49,,,
MYA42,49,,,
MY9Y2,49,,,
MYA22,49,,,
MYA12,49,,,
MYA02,49,,,
MYA32,49,,,
MG463,49,,,
MYAA2,49,,,
MGX43,49,,,
MYA52,49,,,
MYA82,49,,,
MYA72,49,,,
MYA62,49,,,
MYA92,49,,,
MYAY2,49,,,
MYD02,49,,,
MYD12,49,,,
MYD22,49,,,
MYD32,49,,,
MYD42,49,,,
MJKE3,99,,,
MJKD3,99,,,
MJKT3,99,,,
MJKR3,99,,,
MJ6H3,49,,,
MJ6G3,49,,,
MJ6J3,49,,,
MJ6L3,49,,,
MJ6K3,49,,,
MJ6M3,49,,,
MJK33,49,,,
MJK23,49,,,
MJK43,49,,,
MJK63,49,,,
MJK53,49,,,
MJK73,49,,,
MJFW3,49,,,
MJFV3,49,,,
MJFU3,49,,,
MJFR3,49,,,
MJFT3,49,,,
MJG33,49,,,
MJG23,49,,,
MJG13,49,,,
MJFY3,49,,,
MJG03,49,,,
MJWN3,49,,,
MJWP3,49,,,
ML7N3,99,,,
ML7M3,99,,,
ML7L3,99,,,
ML7K3,99,,,
ML7T3,99,,,
ML7R3,99,,,
ML7Q3,99,,,
ML7P3,99,,,
ML7X3,99,,,
ML7W3,99,,,
ML7V3,99,,,
ML7U3,99,,,
ML823,99,,,
ML813,99,,,
ML803,99,,,
ML7Y3,99,,,
ML733,99,,,
ML743,99,,,
ML753,99,,,
ML763,99,,,
ML773,99,,,
ML783,99,,,
ML7J3,149,,,
ML7H3,149,,,
ML7G3,149,,,
ML7F3,149,,,
ML7E3,149,,,
ML7D3,149,,,
ML7C3,149,,,
ML7A3,149,,,
ML793,149,,,
ML833,49,,,
ML863,49,,,
ML873,49,,,
ML843,49,,,
ML883,49,,,
ML8C3,49,,,
ML8D3,49,,,
ML893,49,,,
ML2U3,49,,,
ML2V3,49,,,
ML2W3,49,,,
ML343,49,,,
ML363,49,,,
ML373,49,,,
MKUD3,49,,,
MKUE3,49,,,
MKU73,49,,,
MKUJ3,49,,,
MKUH3,49,,,
MKUF3,49,,,
MKU83,49,,,
MKU93,49,,,
MKUV3,49,,,
MKUW3,49,,,
MKUN3,49,,,
MKV13,49,,,
MKUY3,49,,,
MKUX3,49,,,
MLYT3,49,,,
MKUQ3,49,,,
MKUU3,49,,,
ML8F3,49,,,
ML2Q3,49,,,
ML2R3,49,,,
ML2N3,49,,,
ML2P3,49,,,
ML2T3,49,,,
ML8G3,49,,,
ML313,49,,,
ML323,49,,,
ML2Y3,49,,,
ML303,49,,,
MLYR3,49,,,
ML333,49,,,
MJ4V3,49,,,
MJ4W3,49,,,
MN6P3,49,,,
MN6Q3,49,,,
MN293,49,,,
MN2C3,49,,,
MN2A3,49,,,
MN2D3,49,,,
MN2F3,49,,,
MN2E3,49,,,
MN5H3,49,,,
MN5J3,49,,,
MN5M3,49,,,
MN5N3,49,,,
MN5L3,49,,,
MN5Q3,49,,,
MNC63,49,,,
MN5R3,49,,,
MN5U3,49,,,
MN5V3,49,,,
MN5T3,49,,,
MN6M3,49,,,
MN6N3,49,,,
MN6K3,49,,,
MN6L3,49,,,
MQE43,99,,,
MQE33,99,,,
MQE23,99,,,
MQE13,99,,,
MQE03,99,,,
MQDY3,99,,,
MQE73,99,,,
MQE63,99,,,
MQE53,99,,,
MP843,99,,,
MP833,99,,,
MP823,99,,,
MP813,99,,,
MP883,99,,,
MP873,99,,,
MP863,99,,,
MP853,99,,,
MP8J3,149,,,
MP8H3,149,,,
MP8G3,149,,,
MP8F3,149,,,
MP8E3,149,,,
MP8D3,149,,,
MP8C3,149,,,
MP8A3,149,,,
MP893,149,,,
MPGQ3,49,,,
MPGP3,49,,,
MPGY3,49,,,
MPGX3,49,,,
MPGV3,49,,,
MPGU3,49,,,
MPGM3,49,,,
MPGL3,49,,,
MPH63,49,,,
MPH53,49,,,
MPHD3,49,,,
MPHC3,49,,,
MPH93,49,,,
MPH83,49,,,
MPH33,49,,,
MPH23,49,,,
MPHW3,49,,,
MPHY3,49,,,
MPHX3,49,,,
MPHV3,49,,,
MPJ13,49,,,
MPJ33,49,,,
MPJ23,49,,,
MPJ03,49,,,
MQEE3,99,,,
MQEF3,49,,,
MQE93,99,,,
MQEA3,49,,,
MQEC3,99,,,
MQED3,49,,,
MP713,49,,,
MP703,49,,,
MP773,49,,,
MP763,49,,,
MPLP3,49,,,
MPLN3,49,,,
MP7A3,49,,,
MP793,49,,,
MPLR3,49,,,
MPLQ3,49,,,
MP743,49,,,
MP733,49,,,
MP6X3,49,,,
MP6W3,49,,,
MP7G3,49,,,
MP7L3,49,,,
MP7K3,49,,,
MP7T3,49,,,
MP7R3,49,,,
MQH53,49,,,
MPLU3,49,,,
MPLT3,49,,,
MP7W3,49,,,
MP7V3,49,,,
MPLW3,49,,,
MPLV3,49,,,
MP7P3,49,,,
MP7N3,49,,,
MP7H3,49,,,
MPL83,49,,,
MPL63,49,,,
MPL53,49,,,
MPL73,49,,,
MPL93,49,,,
MPLF3,49,,,
MPLD3,49,,,
MPLA3,49,,,
MPLC3,49,,,
MPLE3,49,,,
MPLG3,49,,,
MQEQ3,99,,,
MQEP3,99,,,
MQEK3,99,,,
MQEJ3,99,,,
MQEH3,99,,,
MQEG3,99,,,
MQTH3,49,,,
MQTJ3,49,,,
MR2W3,49,,,
MR2V3,49,,,
MR2Y3,49,,,
MR2X3,49,,,
MR313,49,,,
MR303,49,,,
MR333,49,,,
MR323,49,,,
MR353,49,,,
MR343,49,,,
MR373,49,,,
MR363,49,,,
MRTM3,49,,,
MRTL3,49,,,
MRTP3,49,,,
MRTN3,49,,,
MT5M3,99,,,
MT5L3,99,,,
MT5J3,99,,,
MT5R3,99,,,
MT5Q3,99,,,
MT5N3,99,,,
MT5V3,99,,,
MT5U3,99,,,
MT5T3,99,,,
MTJ63,99,,,
MTJ53,99,,,
MTJ43,99,,,
MTJ33,99,,,
MTJ83,99,,,
MTJ73,99,,,
MTJD3,99,,,
MTJC3,99,,,
MTJA3,99,,,
MTJ93,99,,,
MTJF3,99,,,
MTJE3,99,,,
MU983,349,,,
MU993,449,,,
MU9A3,349,,,
MU9C3,449,,,
MTJL3,99,,,
MTJM3,99,,,
MTJN3,99,,,
MTJP3,99,,,
MTJQ3,99,,,
MTJR3,99,,,
MUHD3,149,,,
MUHC3,149,,,
MUHA3,149,,,
MUH93,149,,,
MUH83,149,,,
MUH73,149,,,
MUHG3,149,,,
MUHF3,149,,,
MUHE3,149,,,
MUUU3,49,,,
MUUT3,49,,,
MUUW3,49,,,
MUUV3,49,,,
MUUR3,49,,,
MUUQ3,49,,,
MUUP3,49,,,
MUUN3,49,,,
MUUL3,49,,,
MUUK3,49,,,
MUV93,49,,,
MUV83,49,,,
MUVD3,49,,,
MUVC3,49,,,
MUV73,49,,,
MUV63,49,,,
MUV53,49,,,
MUV33,49,,,
MUV13,49,,,
MUV03,49,,,
MUJV3,49,,,
MTL03,49,,,
MTL23,49,,,
MTL33,49,,,
MUJW3,49,,,
MUJX3,49,,,
MTL43,49,,,
MTL53,49,,,
MTL63,49,,,
MUJY3,49,,,
MT633,99,,,
MT643,49,,,
MT653,99,,,
MT663,49,,,
MUQ63,49,,,
MUQ53,49,,,
MT323,49,,,
MT313,49,,,
MT3A3,49,,,
MT373,49,,,
MT303,49,,,
MT2Y3,49,,,
MT2T3,49,,,
MT2R3,49,,,
MT343,49,,,
MT333,49,,,
MUQ23,49,,,
MUQ13,49,,,
MT2V3,49,,,
MT2U3,49,,,
MT2X3,49,,,
MT2W3,49,,,
MT363,49,,,
MT353,49,,,
MUQ83,49,,,
MUQ73,49,,,
MT3X3,49,,,
MT3W3,49,,,
MT493,49,,,
MT463,49,,,
MT3V3,49,,,
MT3U3,49,,,
MT3F3,49,,,
MT3D3,49,,,
MU2F3,49,,,
MT403,49,,,
MT3Y3,49,,,
MUQ43,49,,,
MUQ33,49,,,
MT3K3,49,,,
MT3H3,49,,,
MT3R3,49,,,
MT3Q3,49,,,
MT443,49,,,
MT413,49,,,
MUJT3,49,,,
MT573,49,,,
MT563,49,,,
MT533,49,,,
MU9P3,49,,,
MT553,49,,,
MT583,49,,,
MUJU3,49,,,
MT5G3,49,,,
MT5F3,49,,,
MT593,49,,,
MT5D3,49,,,
MU9R3,49,,,
MT5E3,49,,,
MT5H3,49,,,
MT623,99,,,
MT613,99,,,
MT603,99,,,
MT5Y3,99,,,
MT5X3,99,,,
MT5W3,99,,,
MYPT3,99,,,
MXMW3,99,,,
MYPR3,99,,,
MXMV3,99,,,
MYPQ3,99,,,
MXMU3,99,,,
MYPY3,99,,,
MXN03,99,,,
MYPX3,99,,,
MXMY3,99,,,
MYPW3,99,,,
MXMX3,99,,,
MYQ23,99,,,
MXN33,99,,,
MYQ13,99,,,
MXN23,99,,,
MYQ03,99,,,
MXN13,99,,,
MXWR3,99,,,
MXWQ3,99,,,
MXWL3,99,,,
MXWK3,99,,,
MXWP3,99,,,
MXWM3,99,,,
MXY03,99,,,
MXWY3,99,,,
MXWU3,99,,,
MXWT3,99,,,
MXWX3,99,,,
MXWW3,99,,,
MAXL4,99,,,
MAXK4,99,,,
MAXM4,99,,,
MXMC3,349,349,299,52800
MXMN3,99,,,
MXMA3,349,349,299,52800
MXMM3,99,,,
MXMD3,349,349,299,52800
MXMP3,99,,,
MXMH3,349,349,299,52800
MXMJ3,49,49,49,6800
MXMR3,99,,,
MC7K4,99,,,
MXMF3,49,49,49,6800
MXMG3,49,49,49,6800
MXMQ3,99,,,
MC7J4,99,,,
MXMK3,349,349,299,52800
MXML3,49,49,49,6800
MXMT3,99,,,
MC7L4,99,,,
MXKH3,199,,,
MXKG3,199,,,
MXKF3,199,,,
MXKE3,199,,,
MXKD3,199,,,
MXKC3,199,,,
MXW83,149,,,
MXW73,149,,,
MXW63,149,,,
MXW53,149,,,
MXW43,149,,,
MXW33,149,,,
MXW23,149,,,
MXW13,149,,,
MXW03,149,,,
MC2F4,49,,,
MC2E4,49,,,
MC2H4,49,,,
MC2G4,49,,,
MC2D4,49,,,
MC2C4,49,,,
MC2A4,49,,,
MC1X4,49,,,
MC1W4,49,,,
MC1V4,49,,,
MC1U4,49,,,
MC1R4,49,,,
MYJX3,49,,,
MYJW3,49,,,
MYL03,49,,,
MYJY3,49,,,
MYJT3,49,,,
MYJR3,49,,,
MYJQ3,49,,,
MYJP3,49,,,
MYJN3,49,,,
MYJM3,49,,,
MXU63,49,,,
MXU53,49,,,
MYLC3,49,,,
MYLA3,49,,,
MYLE3,49,,,
MYLD3,49,,,
MYL93,49,,,
MYL83,49,,,
MYL73,49,,,
MYL63,49,,,
MYL53,49,,,
MYL43,49,,,
MXU83,49,,,
MXU73,49,,,
MC1L4,49,,,
MC1J4,49,,,
MC1H4,49,,,
MC1G4,49,,,
MC1Q4,49,,,
MYJA3,49,,,
MXU03,49,,,
MXTY3,49,,,
MXTX3,49,,,
MYJC3,49,,,
MYJD3,49,,,
MXU43,49,,,
MXU33,49,,,
MXU13,49,,,
MYJE3,49,,,
MXTL3,99,,,
MYPF3,49,49,49,6800
MXTM3,199,199,199,30800
MYPD3,49,49,49,6800
MYP83,99,,,
MXTF3,99,,,
MYP93,49,,,
MXTG3,49,,,
MYPA3,99,,,
MXTH3,99,,,
MYPC3,49,,,
MXTJ3,49,,,
MAXA4,49,49,49,6800
MAX94,49,49,49,6800
MYJ23,49,,,
MYJ13,49,,,
MAX64,49,,,
MAX54,49,,,
MAXD4,49,49,49,6800
MAXC4,49,49,49,6800
MYJ63,49,,,
MYJ53,49,,,
MAX84,49,,,
MAX74,49,,,
MYJ43,49,49,49,6800
MYJ33,49,49,49,6800
MAXG4,49,49,49,6800
MAXF4,49,49,49,6800
MXLK3,49,49,49,6800
MXLJ3,49,49,49,6800
MYGV3,49,49,49,6800
MYGU3,49,49,49,6800
MXLF3,49,,,
MXLE3,49,,,
MXLA3,49,,,
MXL93,49,,,
MXLP3,49,49,49,6800
MXLN3,49,49,49,6800
MYFY3,49,,,
MYFX3,49,,,
MXLD3,49,,,
MXLC3,49,,,
MXLM3,49,49,49,6800
MXLL3,49,49,49,6800
MXLH3,49,49,49,6800
MXLG3,49,49,49,6800
MXM43,49,49,49,6800
MXM23,49,49,49,6800
MXM53,49,49,49,6800
MYGX3,99,99,99,14800
MYGW3,49,49,49,6800
MXLW3,49,,,
MXLV3,49,,,
MXLR3,49,,,
MXLQ3,49,,,
MXM93,49,,,
MXM83,49,49,49,6800
MYG13,49,,,
MYG03,49,,,
MXLU3,49,,,
MXLT3,49,,,
MXM73,49,49,49,6800
MXM63,49,49,49,6800
MXLY3,49,49,49,6800
MXLX3,49,49,49,6800
MYJ83,49,,,
MYJ73,49,,,
MYJ93,49,,,
MAXH4,49,,,
MAXJ4,49,,,
MXKX3,49,,,
MXKW3,49,,,
MXL23,49,,,
MXKY3,49,,,
MXL03,49,,,
MXL53,49,,,
MXL33,49,,,
MXL43,49,,,
MXL83,49,,,
MXL63,49,,,
MXL73,49,,,
MYQ63,99,,,
MXTR3,99,,,
MYQ53,99,,,
MXTQ3,99,,,
MYQ83,99,,,
MXTW3,99,,,
MYQ73,99,,,
MXTT3,99,,,
MYQ43,99,,,
MXTP3,99,,,
MYQ33,99,,,
MXTN3,99,,,
MDRX4,49,,,
MDRW4,49,,,
MDRV4,49,,,
MDRU4,49,,,
MDRT4,49,,,
MDRR4,49,,,
MDT44,49,,,
MDT34,49,,,
MDT24,49,,,
MDT14,49,,,
MDT04,49,,,
MDRY4,49,,,
MDTA4,49,,,
MDT94,49,,,
MDT84,49,,,
MDT74,49,,,
MDT64,49,,,
MDT54,49,,,
MDUX4,49,,,
MDUW4,49,,,
MDF44,49,49,49,6800
MDV14,49,,,
MDV04,49,,,
MDF54,99,99,99,14800
MDV54,49,,,
MDV44,49,,,
MFFQ4,49,49,49,6800
MFFP4,49,49,49,6800
MDWE4,49,49,49,6800
MDWD4,49,49,49,6800
MDWG4,49,49,49,6800
MDWF4,49,49,49,6800
MFTG4,99,,,
MFTF4,99,,,
MFTE4,99,,,
MG9J4,99,99,99,14800
MG9H4,99,99,99,14800
MG9G4,99,99,99,14800
MFTK4,99,,,
MFTJ4,99,,,
MFTH4,99,,,
MG9M4,99,99,99,14800
MG9L4,99,99,99,14800
MG9K4,99,99,99,14800
MFTD4,99,,,
MFTC4,99,,,
MFTA4,99,,,
MG9F4,99,99,99,14800
MG9E4,99,99,99,14800
MG9D4,99,99,99,14800
MGD94,99,99,99,14800
MGD84,99,99,99,14800
MGG54,149,149,149,23800
MGG44,149,149,149,23800
MGG34,149,149,149,23800
MGG84,449,479,399,72800
MGG74,149,149,149,23800
MGG64,149,149,149,23800
MGDC4,99,99,99,14800
MGDA4,99,99,99,14800
MGDE4,99,99,99,14800
MGDD4,99,99,99,14800
MGGC4,149,149,149,23800
MGGA4,149,149,149,23800
MGG94,149,149,149,23800
MGDG4,99,99,99,14800
MGDF4,99,99,99,14800
MGDJ4,149,149,149,23800
MGDH4,99,99,99,14800
MGDL4,99,99,99,14800
MGDK4,99,99,99,14800
MGHW4,99,99,99,14800
MGHV4,99,99,99,14800
MGHX4,99,99,99,14800
MGJ04,99,99,99,14800
MGHY4,99,99,99,14800
MGJ14,99,99,99,14800
MGJ54,99,99,99,14800
MGJ44,99,99,99,14800
MGJ34,99,99,99,14800
MGJ24,99,99,99,14800
MGJ74,349,349,299,52800
MGJ64,99,99,99,14800
MGHU4,49,49,49,6800
MGHT4,199,199,199,30800
MGHR4,199,199,199,30800
MGHQ4,199,199,199,30800
MGHP4,199,,,
MGHN4,199,199,199,30800
MGA64,49,49,49,6800
MGA44,49,49,49,6800
MGA84,49,49,49,6800
MGA74,49,49,49,6800
MG9Y4,49,49,49,6800
MG9X4,49,49,49,6800
MGA34,49,49,49,6800
MGA04,49,49,49,6800
MG9W4,49,49,49,6800
MG9V4,49,49,49,6800
MGAU4,49,49,49,6800
MGAQ4,49,49,49,6800
MGAX4,49,49,49,6800
MGAV4,49,49,49,6800
MGAF4,49,49,49,6800
MGAE4,49,49,49,6800
MGAJ4,49,49,49,6800
MGAH4,49,49,49,6800
MGAA4,49,49,49,6800
MGA94,49,49,49,6800
MGC74,49,49,49,6800
MGC64,49,49,49,6800
MGCA4,49,49,49,6800
MGC94,49,49,49,6800
MGC34,49,49,49,6800
MGC24,49,49,49,6800
MGC54,49,49,49,6800
MGC44,49,49,49,6800
MGC14,49,49,49,6800
MGC04,49,49,49,6800
MGCR4,49,49,49,6800
MGCT4,49,49,49,6800
MGCP4,49,49,49,6800
MGCQ4,49,49,49,6800
MGCN4,49,49,49,6800
MGD04,49,49,49,6800
MGD14,49,49,49,6800
MGCX4,49,49,49,6800
MGCY4,49,49,49,6800
MGCW4,49,49,49,6800
MGD54,49,49,49,6800
MGD64,49,49,49,6800
MGD34,49,49,49,6800
MGD44,49,49,49,6800
MGD24,49,49,49,6800
MGCC4,99,,,
MGCJ4,99,99,99,14800
MGCK4,49,49,49,6800
MGCE4,49,49,49,6800
MGCF4,99,,,
MGCL4,99,99,99,14800
MGCM4,49,49,49,6800
MGCG4,49,49,49,6800
MFFW4,49,49,49,6800
MFFV4,49,49,49,6800
MFFU4,49,,,
MFFT4,49,,,
MFFY4,49,,,
MFFX4,49,,,
MFGF4,49,49,49,6800
MFGE4,49,49,49,6800
MFGD4,49,,,
MFGC4,49,,,
MFGH4,49,,,
MFGG4,49,,,
MFGY4,49,49,49,6800
MFGX4,49,49,49,6800
MFGW4,49,,,
MFGV4,49,,,
MFH14,49,,,
MFH04,49,,,
MFF64,49,49,49,6800
MFFA4,49,49,49,6800
MFF74,49,49,49,6800
MFF94,49,,,
MFF84,49,,,
MGXU4,49,,,
MFFC4,49,49,49,6800
MFFG4,49,49,49,6800
MFFD4,49,49,49,6800
MFFF4,49,,,
MFFE4,49,,,
MGXV4,49,,,
MFFH4,49,49,49,6800
MFFM4,49,49,49,6800
MFFN4,49,49,49,6800
MFFJ4,49,49,49,6800
MFFL4,49,,,
MFFK4,49,,,
MG9T4,99,99,99,14800
MFT94,99,99,99,14800
MG9U4,99,99,99,14800
MFT84,99,99,99,14800
MG9R4,99,,,
MG9Q4,99,,,
MFT74,99,99,99,14800
MFT64,99,99,99,14800
MG9N4,99,99,99,14800
MG9P4,99,99,99,14800
MFT54,99,99,99,14800
MFT44,99,99,99,14800
MFKX4,99,99,99,14800
MFKY4,99,99,99,14800
MFL04,99,99,99,14800
MFL14,99,99,99,14800
MFL24,99,99,99,14800
MFL34,99,99,99,14800
MFL44,99,99,99,14800
MFL54,99,99,99,14800
MFL64,99,99,99,14800
MFL74,99,99,99,14800
MHUK4,99,99,99,14800
MHUM4,99,99,99,14800
MHUQ4,99,99,99,14800
MHUT4,99,99,99,14800
MHUU4,99,99,99,14800
MHUV4,99,99,99,14800
MHUW4,99,99,99,14800
MHUX4,99,99,99,14800
MHV04,99,99,99,14800
MHV34,99,99,99,14800
MFKJ4,99,99,99,14800
MFKK4,99,99,99,14800
MFKL4,99,99,99,14800
MFKM4,99,99,99,14800
MFKN4,99,99,99,14800
MFKP4,99,99,99,14800
MFKQ4,99,99,99,14800
MFKR4,99,99,99,14800
MFKT4,99,99,99,14800
MFKW4,99,99,99,14800
MGL14,99,99,99,14800
MGL24,99,99,99,14800
MGL34,99,99,99,14800
MGL44,99,99,99,14800
MGL54,99,99,99,14800
MGL64,99,99,99,14800
MGL74,99,99,99,14800
MGL84,99,99,99,14800
MGL94,99,99,99,14800
MGLA4,99,99,99,14800
MFK64,99,99,99,14800
MFK74,99,99,99,14800
MFK84,99,99,99,14800
MFK94,99,99,99,14800
MFKA4,99,99,99,14800
MFKC4,99,99,99,14800
MFKD4,99,99,99,14800
MFKE4,99,99,99,14800
MFKF4,99,99,99,14800
MFKG4,99,99,99,14800
MGW34,99,99,99,14800
MGW44,99,99,99,14800
MGW54,99,99,99,14800
MGW64,99,99,99,14800
MGW74,99,99,99,14800
MGW84,99,99,99,14800
MGW94,99,99,99,14800
MGWA4,99,99,99,14800
MGWC4,99,99,99,14800
MGWD4,99,99,99,14800
MFJU4,99,99,99,14800
MFJV4,99,99,99,14800
MFJW4,99,99,99,14800
MFJX4,99,99,99,14800
MFJY4,99,99,99,14800
MFK04,99,99,99,14800
MFK14,99,99,99,14800
MFK24,99,99,99,14800
MFK34,99,99,99,14800
MFK44,99,99,99,14800
MFMP4,99,99,99,14800
MFMQ4,99,99,99,14800
MFN14,99,99,99,14800
MFN24,99,99,99,14800
MFN34,99,99,99,14800
MFMR4,99,99,99,14800
MFMT4,99,99,99,14800
MFMU4,99,99,99,14800
MFMV4,99,99,99,14800
MFMW4,99,99,99,14800
MFMX4,99,99,99,14800
MFMY4,99,99,99,14800
MFN04,99,99,99,14800
MHV44,99,99,99,14800
MHV54,99,99,99,14800
MHVG4,99,99,99,14800
MHVH4,99,99,99,14800
MHVK4,99,99,99,14800
MHV64,99,99,99,14800
MHV74,99,99,99,14800
MHV94,99,99,99,14800
MHVA4,99,99,99,14800
MHVC4,99,99,99,14800
MHVD4,99,99,99,14800
MHVE4,99,99,99,14800
MHVF4,99,99,99,14800
MFM64,99,99,99,14800
MFM74,99,99,99,14800
MFMK4,99,99,99,14800
MFMM4,99,99,99,14800
MFMN4,99,99,99,14800
MFM84,99,99,99,14800
MFM94,99,99,99,14800
MFMC4,99,99,99,14800
MFMD4,99,99,99,14800
MFMF4,99,99,99,14800
MFMG4,99,99,99,14800
MFMH4,99,99,99,14800
MFMJ4,99,99,99,14800
MGLC4,99,99,99,14800
MGLD4,99,99,99,14800
MGLN4,99,99,99,14800
MGLP4,99,99,99,14800
MGLQ4,99,99,99,14800
MGLE4,99,99,99,14800
MGLF4,99,99,99,14800
MGLG4,99,99,99,14800
MGLH4,99,99,99,14800
MGLJ4,99,99,99,14800
MGLK4,99,99,99,14800
MGLL4,99,99,99,14800
MGLM4,99,99,99,14800
MFLP4,99,99,99,14800
MFLQ4,99,99,99,14800
MFM14,99,99,99,14800
MFM24,99,99,99,14800
MFM54,99,99,99,14800
MFLR4,99,99,99,14800
MFLT4,99,99,99,14800
MFLU4,99,99,99,14800
MFLV4,99,99,99,14800
MFLW4,99,99,99,14800
MFLX4,99,99,99,14800
MFLY4,99,99,99,14800
MFM04,99,99,99,14800
MGWE4,99,99,99,14800
MGWF4,99,99,99,14800
MGWQ4,99,99,99,14800
MGWR4,99,99,99,14800
MGWT4,99,99,99,14800
MGWG4,99,99,99,14800
MGWH4,99,99,99,14800
MGWJ4,99,99,99,14800
MGWK4,99,99,99,14800
MGWL4,99,99,99,14800
MGWM4,99,99,99,14800
MGWN4,99,99,99,14800
MGWP4,99,99,99,14800
MFL84,99,99,99,14800
MFL94,99,99,99,14800
MFLL4,99,99,99,14800
MFLM4,99,99,99,14800
MFLN4,99,99,99,14800
MFLA4,99,99,99,14800
MFLC4,99,99,99,14800
MFLD4,99,99,99,14800
MFLE4,99,99,99,14800
MFLF4,99,99,99,14800
MFLH4,99,99,99,14800
MFLJ4,99,99,99,14800
MFLK4,99,99,99,14800
MHXU4,449,479,399,72800
MHXT4,549,599,499,89800
MGHC4,449,479,399,72800
MGHD4,349,349,299,54800
MXJV3,999,999,899,164800
MXJU3,999,999,899,164800
MXJT3,999,999,899,164800
MGLV4,1099,1099,999,179800
MGLU4,999,999,899,164800
MGLT4,1099,1099,999,179800
MXJY3,449,479,399,72800
MXJX3,999,999,899,164800
MXJW3,999,999,899,164800
MDWA4,349,349,299,54800
MHXC4,349,349,299,54800
MXJK3,349,349,299,54800
MXJJ3,349,349,299,54800
MDWC4,349,349,299,54800
MHXE4,349,349,299,54800
MHXF4,349,349,299,54800
MXJN3,349,,,54800
MXJM3,349,349,299,54800
MHXL4,349,349,299,54800
MHXM4,349,349,299,54800
MHXN4,349,349,299,54800
MHXP4,349,349,299,54800
MHXQ4,349,349,299,54800
MHXR4,349,349,299,54800
MHXX4,549,599,499,89800
MHXV4,1099,1099,999,179800
MHXW4,549,599,499,89800
MXJC3,349,349,299,54800
MXJD3,349,349,299,54800
MDFL4,349,349,299,54800
MHXG4,349,349,299,54800
MHXH4,349,349,299,54800
MHXJ4,349,349,299,54800
MHXK4,349,349,299,54800
MFUA4,49,49,49,6800
MFUE4,49,49,49,6800
MFUG4,49,49,49,6800
MFUH4,49,49,49,6800
MFUM4,49,49,49,6800
MFUN4,49,49,49,6800
MFUP4,49,49,49,6800
MFUQ4,49,49,49,6800
MFUU4,49,49,49,6800
MFUV4,49,49,49,6800
MC0F4,49,49,49,6800
MC0G4,49,49,49,6800
MC0Q4,49,49,49,6800
MC0U4,49,49,49,6800
MC0V4,49,49,49,6800
MC0W4,49,49,49,6800
MC0X4,49,49,49,6800
MC1A4,49,49,49,6800
MC1E4,49,49,49,6800
MC1F4,49,49,49,6800
MFTY4,49,49,49,6800
MFU04,49,49,49,6800
MFU14,49,49,49,6800
MFU34,49,49,49,6800
MFU44,49,49,49,6800
MFU54,49,49,49,6800
MFU64,49,49,49,6800
MFU74,49,49,49,6800
MFU84,49,49,49,6800
MFU94,49,49,49,6800
MAYR4,49,49,49,6800
MAYT4,49,49,49,6800
MAYU4,49,49,49,6800
MAYV4,49,49,49,6800
MAYW4,49,49,49,6800
MAYX4,49,49,49,6800
MAYY4,49,49,49,6800
MC0A4,49,49,49,6800
MC0D4,49,49,49,6800
MC0E4,49,49,49,6800
MFTL4,49,49,49,6800
MFTM4,49,49,49,6800
MFTN4,49,49,49,6800
MFTP4,49,49,49,6800
MFTQ4,49,49,49,6800
MFTR4,49,49,49,6800
MFTT4,49,49,49,6800
MFTU4,49,49,49,6800
MFTV4,49,49,49,6800
MFTX4,49,49,49,6800
MFVU4,49,49,49,6800
MFVV4,49,49,49,6800
MFVW4,49,49,49,6800
MFVX4,49,49,49,6800
MFVY4,49,49,49,6800
MFW04,49,49,49,6800
MFW14,49,49,49,6800
MFW24,49,49,49,6800
MFW34,49,49,49,6800
MFW44,49,49,49,6800
MY7N3,49,49,49,6800
MY7P3,49,49,49,6800
MY7Q3,49,49,49,6800
MY7R3,49,49,49,6800
MY7T3,49,49,49,6800
MY7U3,49,49,49,6800
MY7V3,49,49,49,6800
MY7W3,49,49,49,6800
MY7X3,49,49,49,6800
MY7Y3,49,49,49,6800
MFV84,49,49,49,6800
MFV94,49,49,49,6800
MFVA4,49,49,49,6800
MFVE4,49,49,49,6800
MFVG4,49,49,49,6800
MFVH4,49,49,49,6800
MFVM4,49,49,49,6800
MFVN4,49,49,49,6800
MFVP4,49,49,49,6800
MFVQ4,49,49,49,6800
MY7C3,49,49,49,6800
MY7D3,49,49,49,6800
MY7E3,49,49,49,6800
MY7F3,49,49,49,6800
MY7G3,49,49,49,6800
MY7H3,49,49,49,6800
MY7J3,49,49,49,6800
MY7K3,49,49,49,6800
MY7L3,49,49,49,6800
MY7M3,49,49,49,6800
MFUW4,49,49,49,6800
MFUX4,49,49,49,6800
MFUY4,49,49,49,6800
MFV04,49,49,49,6800
MFV14,49,49,49,6800
MFV34,49,49,49,6800
MFV44,49,49,49,6800
MFV54,49,49,49,6800
MFV64,49,49,49,6800
MFV74,49,49,49,6800
MFX04,49,49,49,6800
MFX14,49,49,49,6800
MFXA4,49,49,49,6800
MFXC4,49,49,49,6800
MFXD4,49,49,49,6800
MFX24,49,49,49,6800
MFX34,49,49,49,6800
MFX44,49,49,49,6800
MFX54,49,49,49,6800
MFX64,49,49,49,6800
MFX74,49,49,49,6800
MFX84,49,49,49,6800
MFX94,49,49,49,6800
MYA33,49,49,49,6800
MYA43,49,49,49,6800
MYAJ3,49,49,49,6800
MYAL3,49,49,49,6800
MYAM3,99,99,99,14800
MYA63,49,49,49,6800
MYA73,49,49,49,6800
MYA93,49,49,49,6800
MYAA3,49,49,49,6800
MYAD3,49,49,49,6800
MYAE3,49,49,49,6800
MYAF3,49,49,49,6800
MYAH3,49,49,49,6800
MFWK4,49,49,49,6800
MFWL4,49,49,49,6800
MFWW4,49,49,49,6800
MFWX4,49,49,49,6800
MFWY4,49,49,49,6800
MFWM4,49,49,49,6800
MFWN4,49,49,49,6800
MFWP4,49,49,49,6800
MFWQ4,49,49,49,6800
MFWR4,49,49,49,6800
MFWT4,49,49,49,6800
MFWU4,49,49,49,6800
MFWV4,49,49,49,6800
MY9N3,49,49,49,6800
MY9P3,49,49,49,6800
MYA03,49,49,49,6800
MYA13,49,49,49,6800
MYA23,49,49,49,6800
MY9Q3,49,49,49,6800
MY9R3,49,49,49,6800
MY9T3,49,49,49,6800
MY9U3,49,49,49,6800
MY9V3,49,49,49,6800
MY9W3,49,49,49,6800
MY9X3,49,49,49,6800
MY9Y3,49,49,49,6800
MFW54,49,49,49,6800
MFW64,49,49,49,6800
MFWG4,49,49,49,6800
MFWH4,49,49,49,6800
MFWJ4,49,49,49,6800
MFW74,49,49,49,6800
MFW84,49,49,49,6800
MFW94,49,49,49,6800
MFWA4,49,49,49,6800
MFWC4,49,49,49,6800
MFWD4,49,49,49,6800
MFWE4,49,49,49,6800
MFWF4,49,49,49,6800
MHY54,49,49,49,6800
MHY44,49,49,49,6800
MHY74,49,49,49,6800
MHY64,49,49,49,6800
MHY34,49,49,49,6800
MHY24,49,49,49,6800
MHYC4,49,49,49,6800
MHYA4,49,49,49,6800
MHYE4,49,49,49,6800
MHYD4,49,49,49,6800
MHY94,49,49,49,6800
MHY84,49,49,49,6800
MHYJ4,49,49,49,6800
MHYH4,49,49,49,6800
MHYL4,49,49,49,6800
MHYK4,49,49,49,6800
MHYG4,49,49,49,6800
MHYF4,49,49,49,6800
MHYM4,49,49,49,6800
MHYP4,49,49,49,6800
MHYN4,49,49,49,6800
MJ594,49,49,49,6800
MHYQ4,49,49,49,6800
MHYT4,49,49,49,6800
MHYR4,49,49,49,6800
MJ5A4,49,49,49,6800
MHYU4,49,49,49,6800
MHYW4,49,49,49,6800
MHYV4,49,49,49,6800
MJ5C4,49,49,49,6800
